{
    "svm": 0.87825,
    "logreg": 0.881,
    "nb": 0.8515,
    "lstm": 0.855,
    "bilstm": 0.84375
}